<?xml version="1.0" encoding="UTF-8" standalone="yes"?>
<addon id="shared" name="mward2000.github.io" version="0.0.1" provider-name="mward2000">
    <extension point="xbmc.addon.repository" name="Example Repository">
        <dir>
            <info compressed="false">https://raw.githubusercontent.com/mward2000/mward2000.github.io/master/repo/zips/addons.xml</info>
            <checksum>https://raw.githubusercontent.com/mward2000/mward2000.github.io/master/repo/zips/addons.xml.md5</checksum>
            <datadir zip="true">https://raw.githubusercontent.com/mward2000/mward2000.github.io/master/repo/zips/</datadir>
        </dir>
    </extension>
    <extension point="xbmc.addon.metadata">
        <summary>mward2000.github.io</summary>
        <description>Shared build for kodi</description>
        <disclaimer></disclaimer>
        <platform>all</platform>
        <assets>
            <icon>icon.png</icon>
            <fanart>fanart.jpg</fanart>
        </assets>
    </extension>
</addon>
